newsCategory,publishTime,content,area,attachments,department,id,name,departmentFilter,areaFilter,createdTime
政策法规,2024-05-14 11:10:53,"各涉农区人民政府，市政府有关委、办、局，各相关单位：

    根据市委、市政府关于发展现代设施农业的总体部署，依据农业农村部、国家发展改革委、财政部、自然资源部《全国现代设施农业建设规划（2023-2030 年）》，市农业农村委、市发展改革委、市财政局、市规划资源局制定了《上海市设施农业现代化提升行动方案（2024-2027年）》，经市政府同意，现印发给你们，请认真组织实施。
    上海市农业农村委员会    上海市发展和改革委员会
    上海市财政局         上海市规划和自然资源局
    2024年5月14日
  
  上海市设施农业现代化提升行动方案（2024-2027年）
    为贯彻中央农村工作会议和《中共中央、国务院关于学习运用“千村示范、万村整治”工程经验有力有效推进乡村全面振兴的意见》精神，全面落实党中央、国务院关于发展现代设施农业的决策部署，按照农业农村部、国家发展改革委、财政部、自然资源部《全国现代设施农业建设规划（2023-2030年）》和《农业农村部关于发展现代设施农业的指导意见》《农业农村部办公厅关于印发的通知》要求，大力推进上海市设施农业现代化提升工作，制定本方案。
  
    一、总体目标
    以习近平新时代中国特色社会主义思想为指导，全面贯彻党的二十大精神，牢固树立大食物观，科学规划、综合施策，强化科技创新策源和高端示范引领，重点建设现代设施农业引领区，发展高科技、高品质、高附加值现代设施农业，促进都市现代农业高质量发展,在推进中国式现代化征程中上海农业积极发挥示范带动作用。至2025年，全市设施农业生产效能和产量进一步提升，地产绿色优质农产品占比达到75%。至2027年，设施农业建设作为农业现代化的标志性工程取得明显进展，努力实现“27-20”目标（地产农产品综合自给率提高到27%，现代设施农业率先实现“零碳排放零污染”），地产绿色优质农产品占比提高到78%以上，社会主义现代化国际大都市的保供基础进一步夯实，绿色生态发展模式进一步完善，现代设施装备和生产效率达到世界先进、全国领先水平，示范服务全国。
  

    ——设施生产能力提高。现代设施农业装备水平提升，设施生产比例进一步提高。至2025年，设施农业生产信息化率65%，设施菜田绿叶菜机械化率45%,设施畜牧养殖机械化率80%，设施渔业机械化率52%，设施蔬菜产量占比50%，设施渔业产量占比82%。至2027年，设施农业生产信息化率70%，设施菜田绿叶菜机械化率52%，设施畜牧养殖机械化率83%，设施渔业机械化率55%，设施蔬菜产量占比 55%，设施渔业产量占比85%。
  
    ——生态绿色循环发展。现代设施农业生态绿色发展全面推进，资源循环利用水平进一步增强，至2025年，规划规模化水产养殖场尾水排放达到管控标准，畜禽粪污处理设施装备配套率100%，绿色食品认证率提升至33%。至2027年，设施农业绿色能源占比16%，单位面积碳排放降低25%，绿色食品认证率提升至35%。
  
    ——建设风貌融合提升。现代设施农业建设充分联动乡村发展，与自然环境有机融合，与周边风貌高度契合，进一步带动农业投资、拉动农村内需、激发乡村活力、促进农民增收，充分彰显乡村的经济价值、生态价值、社会价值、文化价值，形成与社会主义现代化国际大都市相得益彰的乡村风貌。
  
    二、重点行动
  
    （一）规划建设现代设施农业引领区。强化顶层设计，科学系统谋划，大力推动实施，规划建设一批现代设施农业引领区，形成“12+X+1”的示范空间，即12个现代设施农业片区、若干现代设施农业科创支撑空间和横沙新洲现代农业产业园，着力发展高端、精品、品牌农业。加快推进现代设施农业引领区建设，至2025年重点建设先行启动区域，各引领区重点建设1-2个高科技农业项目。在浦东、奉贤、松江和崇明等区域，建设现代设施农业科创平台，集中打造现代设施农业生产和科创示范场景。有机链接生产、生态、生活空间和城乡空间，探索超大城市城乡融合、可持续发展新路径新范式。至2027年，现代设施农业引领区建设成效显现，形成乡村高质量发展新引擎，带动全市面上设施农业现代化提升，打造中国式现代化农业农村的“上海样板”。（责任单位：市农业农村委、市发展改革委、市财政局、市规划资源局、市经济信息化委、各涉农区政府）
  
    （二）聚力开展现代设施农业科技攻关。发挥超大城市科技、人才、金融等要素集聚优势，聚焦关键环节和短板弱项，强化自主创新和技术集成。依托现代设施农业引领区建设，在现代设施农业专用品种选育、智能装备研发、智能温室建造等领域，形成一批具有自主知识产权的技术成果。汇聚本市及长三角科研资源，推动跨界融合与技术集成，打造现代设施农业科创平台，推动设施农业新技术和新产品的引进与孵化。创新现代设施农业科创模式，强化国家农业科技园区建设，加快成果转化和示范应用。支持本市涉农科创企业做大做强，在相关领域培育1-2家国家级专精特新“小巨人”企业，促进形成现代设施农业“科技+服务”产业模式，加强成熟技术、生产模式的示范推广，辐射服务全国。（责任单位：市农业农村委、市科委、市经济信息化委、各涉农区政府）
  
    （三）强化促进现代设施农业绿色低碳转型。坚持绿色是农业的底色、生态是农业的底盘，推动现代设施农业全产业链、全生命周期绿色低碳发展。促进资源集约节约利用，鼓励现代设施农业引领区推进种养结合生产，推动种养循环。探索设施农业能源利用新模式，综合利用光伏、风电、生物质能、地热能、热电联产等清洁能源以及新型储能，发展绿色低碳的农业能源利用模式。按照“能建尽建”原则，重点在现代设施农业引领区，结合农业设施一体化，因地制宜推进光伏发电，推动渔光互补、农光互补等农业光伏+项目建设。推进沼气发电，探索发电厂余热和氢能综合利用。推动设施农业节能减排。推进温室大棚节能改造和绿色建设，着力降低能耗。加快“固碳减排”“生态低碳”新技术和新装备在设施农业领域的研发与推广应用。探索建设1-2个现代设施农业“双零”示范区。（责任单位：市农业农村委、市水务局、市发展改革委、市经济信息化委、市生态环境局、各涉农区政府）
  
    （四）全面推动现代设施种植业高质高效发展。聚焦增强“菜篮子”稳产保供能力，实施设施种植业现代化提升行动，提高生产效益和产品竞争力。打造现代设施种植示范引领样板，至2025年重点在现代设施农业引领区建设3-4个现代设施蔬菜项目，至2027年建设周年生产、装备先进、智能调控、高质高效的智能温室和植物工厂，推进规模化、产业化生产，形成现代设施种植示范园。加快高标准设施菜田改造建设，统筹存量改造和新增建设，至2025年提升改造高标准设施菜田1万亩，以绿叶菜核心基地为重点，推进老旧设施菜田提升改造，建设节能宜机的连栋型高标准设施菜田。至2027年累计提升改造2万亩，推动设施菜田机械化、数字化、智能化转型。推进其他种植业生产设施提升。改造提升水果、花卉等生产基地老旧低效设施设备，建设宜机化、智能化、标准化连栋型温室，提高特色经济作物产品质量和抗风险生产能力。（责任单位：市农业农村委、市财政局、各涉农区政府）
  
    （五）加快推进现代设施畜牧业改造建设。强化生猪等主要畜禽产品保供能力，发展规模化、集约化、机械化、智能化养殖，加快构建高质高效畜禽设施养殖模式。结合现代设施农业引领区建设，在横沙新洲现代农业产业园、崇明区等区域建设现代设施养殖场，集成先进养殖设施设备和管理技术。重点推进松江区种养结合家庭农场整合提升，建设立体多层规模化种养结合家庭农场。推进光明集团所属牧场归并整合，建设奶牛智慧牧场。提升改造一批符合规划环保要求、基础设施老化的养殖场，通过项目支持，推动高效养殖成套设施设备的应用。至2025年，重点建设1-2个立体多层养猪场、1个智慧牧场。至2027年，重点建设2-3个立体多层养猪场、2-3个现代设施畜禽养殖场。（责任单位：市农业农村委、市财政局、市规划资源局、市生态环境局、各涉农区政府）
  
    （六）整体促进现代设施渔业优化提升。以扩产能、调结构、优布局为导向，促进设施渔业现代化提升。推进水产养殖场现代设施改造和建设。点状布局工厂化养殖车间，推进高标准设施养殖模式，配备智能化养殖管理系统等设施设备。研究池塘—工厂化接力养殖模式，以梯度饲养提高养殖效率。加大池塘养殖场改造力度，提升改造进排水系统、智能化养殖系统等设施设备。探索深远海设施养殖，研究适合本市的鱼类深远海设施养殖工业化高效生产模式。至2025年，打造1个南美白对虾无人化设施养殖基地。至2027年，试点建设1个工厂化智能化水产养殖基地，提升3-5个池塘养殖设施基地。优化提升渔港基础设施配套。以横沙渔港为核心，吸引更多优质远洋水产品捕捞船到港卸货；培育深远海养殖产品加工、暂养和集散功能，建设集水产品交易与加工、冷链物流、休闲渔业等功能的渔港经济区。（责任单位：市农业农村委、市财政局、市生态环境局、市水务局、市交通委、市规划资源局、长兴岛管委会、各涉农区政府）
  
    （七）着力推动现代设施农业全产业链建设。因地制宜，培育壮大现代设施农业全产业链。高质量推动品种培育和集约化育苗，结合现代设施农业引领区建设，打造现代种业企业孵化园，推进品种培育、良种繁育、材料创制及产业化应用等联合攻关；重点围绕水稻生产大镇等，建设一批水稻育秧育苗中心，提升集约化育秧（苗）覆盖率。高起点布局农产品加工仓储保鲜设施，围绕现代设施农业引领区主导产业发展需求，布局一批先进的产地初加工和仓储保鲜设施。高水平建设区域性农产品集采集配中心，依托现代设施农业引领区、现代农业产业园和农业产业强镇等，配套建设3个区域性农产品集采集配中心。高品质打造市场品牌，支持设施农业与生鲜电商合作共赢，加大直采直供、连锁经营力度，创响一批品质过硬、特色突出、竞争力强的区域公用品牌、企业品牌和产品品牌，促进设施农业产品优质优价。（责任单位：市农业农村委、市财政局、市商务委、市规划资源局、各涉农区政府）
  
    （八）大力促进现代设施农业生产性服务业发展。优化设施装备管理运维，提高专业化服务水平，推动生产性服务业发展。提升粮食产地烘干水平，聚焦粮食等主要农作物生产，推进产地烘干和低温冷藏等老旧设施装备更新换代、智能升级、清洁能源改造。至2025年，全市粮食产地烘干能力达90%以上。至2027年，提升至93%以上。提升农机社会化服务水平，遴选认定和培育建设一批平急两用的区域性农机社会化服务中心，在引领区创建农机社会化服务应用场景，促进社会化服务水平和应急救灾能力提升。提升生产设施运营管理水平，完善农产品产地冷藏保鲜等设施市场化运营模式，率先推进现代设施农业引领区仓储冷链物流数字化管理，实现地产主要农产品冷藏保鲜仓储设施、运输设备等动态管理，提升仓储冷链设施利用率和周转能力。（责任单位：市农业农村委、市粮食物资储备局、市财政局、各涉农区政府）
  
    三、保障措施
  
    （一）强化组织领导。建立农业农村、发展改革、财政、规划资源、水务、经济信息化等部门间的协调工作机制，在市农业农村委成立工作推进组，推进实施设施农业现代化提升行动。建立市区联动、区负总责、各方参与的协同工作机制，由各涉农区政府负责具体落实，每年制定并上报设施农业现代化提升年度行动计划，实行挂图作战。组织开展监测评估，督导推进设施农业现代化提升工作。（责任单位：市农业农村委、市发展改革委、市财政局、市规划资源局、市经济信息化委、市水务局、各涉农区政府）
  
    （二）强化规划用地支撑。编制现代设施农业引领区建设方案和国土空间相关规划，对现代设施农业引领区建设用地和设施农用地的规划空间予以保障。建立现代设施农业项目库制度，实施年度计划管理，保障现代设施农业项目相关用地需求。用好全域土地综合整治政策工具，细化落实现代设施农业规划用地支持政策，创新适应超大城市特点的耕地和永久基本农田保护模式，推进耕地集中连片，发展现代设施农业。（责任单位：市规划资源局、市农业农村委、各涉农区政府）
  
    （三）强化投入保障。统筹用好各类涉农财政资金，加大对农业设施建设的支持力度。积极引导各类基金重点支持现代设施农业发展。鼓励金融机构创新产品和服务，加大对现代设施农业重大项目的中长期信贷支持。支持保险机构创新保险产品和服务，构建现代设施农业保险产品体系。将现代设施农业项目纳入贷款担保、贴息贴费政策范围，激励社会资本投入现代设施农业建设。（责任单位：市财政局、市地方金融监管局、市发展改革委、市农业农村委、各涉农区政府）
  
    （四）强化人才引育。充分利用本市高层次人才引进计划，加快吸引一批设施农业领域领军拔尖人才。支持设施农业领域优秀人才申报本市“东方英才”等各类人才计划，加大人才激励、项目扶持力度。支持设施农业创新创业和龙头经营主体纳入人才引进重点机构，支持紧缺急需人才落户。支持完善设施农业领域职业技能认定和职称评审制度。加强科技特派员队伍建设，围绕现代设施农业相关科技需求，强化科技特派员在产业提质增效方面的支撑保障作用。探索建立企业、高校、科研院所联合培养机制，培育现代设施农业经营管理和生产技术人才。（责任单位：市农业农村委、市人社局、市教委、市科委、各涉农区政府）
  
    （五）强化宣传推介。围绕现代设施农业全产业链，瞄准产业能级高、行业影响力大、绿色低碳发展理念强的行业龙头、独角兽、单项冠军、专精特新企业等主体，加大招商引资力度。鼓励引导国有大中型企业等市场主体参与现代设施农业引领区建设和运行。充分挖掘典型范例和经验做法，推广展示现代设施农业的新技术、新装备和新模式。运用报刊、互联网等全媒体，依托中国农民丰收节、中国国际农产品交易会等活动进行广泛宣传，营造全社会共同关注、积极支持现代设施农业建设的良好氛围。（责任单位：市农业农村委、市国资委、各涉农区政府）
",上海市,,上海市农业农村委员会,ZZ36194422,关于印发《上海市设施农业现代化提升行动方案（2024-2027年）》的通知,上海市农业农村委员会,上海市,2024-05-16 11:11:59
政策法规,2024-04-30 11:10:06,"
  关于印发《坚持对标改革持续优化营商环境行动方案》的通知
  沪人社法〔2024〕129号
  各区人力资源和社会保障局，市局机关各处室、局属各单位：
    现将《坚持对标改革持续优化营商环境行动方案》印发给你们，请认真贯彻落实。
    上海市人力资源和社会保障局
    2024年4月30日
  
  坚持对标改革持续优化营商环境行动方案
    为深入贯彻落实国家和本市关于优化营商环境的最新决策部署，系统集成、迭代创新，持续打造就业市场灵活充分、劳动关系和谐稳定、人力资源发展壮大、人社服务便捷规范的国际一流营商环境，为进一步提升上海营商环境国际影响力贡献人社力量，现制定上海市人力资源和社会保障局2024年优化营商环境行动方案，具体内容如下：
    一、全面对标改革再深化
  
    （一）有效降低社会成本负担。落实和完善稳岗返还、专项贷款、就业和社保补贴系列稳就业政策，持续释放政策红利。延续实施阶段性降低失业保险、工伤保险费率政策，推进降低经营主体社保负担。
    （二）大力加强企业用工保障。实施“乐业上海优+”行动，全年密集举办各类综合性招聘、专业性招聘，送岗促就业。积极争取国家授权，在本市设立“国家公共就业服务中心”，进一步强化公共就业服务供给。
    （三）全力维护职工劳动权益。统筹兼顾企业和劳动者双方的合法权益，稳妥调整最低工资标准。持续宣贯消除工作场所性骚扰行为、职场不当管理等政策文本，指导企业参照文本完善内部规章制度，健全内部投诉解决机制。
  
    （四）聚力推进监察执法公开透明。分类统计公开2023年劳动保障监察投诉举报相关数据。完善劳动保障监察执法检查反馈制度，定期对各区落实情况进行检查，将落实情况纳入监察评估工作。
    （五）着力提高劳动争议处置效能。开展劳动人事争议在线诉调对接工作，提高劳动人事争议在线多元解纷效能。持续推进农民工工资争议速裁庭建设，切实优化争议处置流程，推行现场调解、简易处理等快捷方式。
    二、高质量充分就业再发力
  
    （六）确保重点群体就业平稳。强化促进青年就业政策举措，落实用人单位吸纳高校毕业生相关补贴政策，加强高校毕业生等重点群体就业帮扶。完善就业援助制度，加强就业困难群体兜底帮扶。鼓励推行生育友好型就业模式，出台政策举措。
    （七）完善灵活就业保障措施。指导有条件的区结合区域经济发展和产业特色，探索园区共享用工机制，建设一批综合性、区域性、行业性的规范化线下零工市场，支持多渠道灵活就业。深入开展灵活就业人员服务保障专项行动，将灵活就业人员全面纳入本市公共就业服务体系，全方位提供求职、培训等服务。
    （八）加强技能人才队伍建设。建立急需紧缺高技能人才职业（工种）目录、新技能培训目录动态调整机制，研究制定相关支持政策。健全终身职业技能培训制度，完善社会化职业技能培训补贴政策。统筹推进第48届世界技能大赛筹办和各级各类职业技能竞赛，重点聚焦适合青年的职业赛项，支持和引导更多青年走技能成才之路。
    （九）发挥创业带动就业作用。修订出台创业担保贷款实施办法和创业担保贷款利息补贴政策，提高创业组织创业担保贷款额度。提供“马兰花计划”创业培训等各类创业指导和交流活动，搭建更多创业资源对接平台。深化“海纳百创”公共创业服务品牌建设，持续提升创业带动就业倍增效应。
    （十）优化公共就业服务供给。优化完善“上海公共就业招聘新平台”，推进“人力资源旗舰店”建设，吸纳更多市场化平台入驻新平台。加快建设“家门口”就业服务站，实施社区就业服务站点建设指导标准，高质量建成‘15分钟就业服务圈’社区就业服务站点350个。
  
    三、惠企便民服务再优化
  
    （十一）打造“店小二”服务品牌。打造数字化、便捷化、亲民化政务服务大厅。规范就业服务、职业培训、社会保险、劳动关系领域基本公共服务标准，持续深化标准化建设。集中开展政风行风建设与窗口服务质量提升行动，强化窗口队伍建设，全力打造人社“店小二”服务品牌。
    （十二）推进“一件事”集成创新。高标准完成企业职工“退休一件事”国家集中攻关和创新示范工作任务，探索扩大办事渠道、扩大受益人群。持续优化企业职工退工和停止缴费登记、就业创业一件事等改革任务。
    （十三）深化“数字化”智能服务。加强固定周期和限定期限特征事项办理等申请、变更等全过程提醒，探索到龄退休等申办事项到期主动提醒。持续优化迭代“随申办”市民云“上海人社”服务专栏，丰富服务内容、优化用户体验、强化政策推送、完善运营机制。扎实做好线上线下“帮办”，加快推进“办不成事”反映功能系统建设。
    （十四）做优“一揽子”就业保障。深化监察、仲裁“一口受理改革”，在全市开展“一口受理改革”工作评估。加快综合受理窗口标准化建设，推广容缺受理机制，持续优化维权服务工作流程。多措并举推进“劳动维权+就业帮扶”举措，及时开展就业援助服务。
    （十五）提升“3.0”社保经办。提升社保服务大厅智慧化水平，完善社保3.0版系统建设，持续推动社保待遇资格认证服务便民化。结合经办实际，进一步拓展网上办事项目内容，力争做到网上办事项目“应上尽上”。持续优化网上办事程序功能，增设企业职工就业参保一体化线上撤销等功能。
    （十六）推动“服务包”精准匹配。提质推出“人社惠企政策服务包2.0”，加强重点企业推送，有效提升“政策找人”适配性、精准性。加强政策解读，完善政策集中展示，提升企业、劳动者、社会获取人社政策和服务的便利度。
    四、劳动关系治理水平再提升
  
    （十七）促进劳动关系和谐稳定。推进电子劳动合同订立平台建设。推广常态化“法治体检”和“合规体检”，引导企业加强自身合规建设。组织开展维护女职工劳动权益专项检查，持续开展人力资源市场秩序专项清理整顿，积极营造公平就业环境。
    （十八）加强重点群体权益保障。持续做好新就业形态劳动者相关权益保障工作。持续推进新就业形态就业人员职业伤害保障试点工作，密切跟踪国家政策走向，积极做好落实工作。进一步强化欠薪源头治理，保障农民工工资支付。
    （十九）推进监管执法包容审慎。进一步规范行政裁量权基准制定，探索出台长三角区域内轻微违法行为依法不予行政处罚清单，推动行政处罚裁量适当。持续推进劳务派遣等领域信用分类评价管理。
    （二十）推动矛盾纠纷多元化解。优化劳动争议纠纷处理机制，落实重大争议案件联合调处机制。落实长三角劳动人事争议联合调解和协同仲裁服务规范，强化跨区域集体争议案件协同处理处置。引进外商投资协会调解力量，成立上海市外商投资企业劳动争议调解中心，联动化解劳动争议。
    五、改革创新保障再加强
  
    （二十一）深化重点领域高效协同。推广“职业技能培训综合监管一件事”，巩固专项整治成果，提升资金监管效能。在新就业形态劳动者权益保障、人力资源服务机构两个领域开展综合监管试点，进一步完善协同监管机制。
    （二十二）聚焦重点目标创新发展。开展人力资源领域“一业一证”改革，提高人力资源服务机构准入准营便利度。动态调整国际职业资格认可清单目录，发布2.0版本。健全劳动人事争议市级管辖案件属地化收案、调解机制，探索涉外劳动争议属地化收案、调解、仲裁、庭审一站式服务新模式。
    （二十三）支持重点事项流程再造。优化破产程序中企业欠薪垫付流程，提高企业欠薪保障金垫付效能。深入推进企业社会保险登记变更、歇业企业社会保险暂停结算等社保经办业务跨部门联动办理，持续优化破产案件涉案企业社保信息线上线下查询渠道。
    （二十四）推动营商环境协同共建。各区、各部门夯实主体责任，将优化营商环境工作纳入本部门重点工作统筹谋划推动。对标世界银行营商环境新评估，跟进国家营商环境评估，实施“4+1”迎评专项行动，以评促改、以评促优。深入推进政务服务“好差评”工作，加强各部门涉企服务评价，推动企业服务整体优化提升。加强技术支撑保障，以数字化促进政府职能转变和服务效率提升，赋能企业发展。依托媒体、商协会、园区大力宣传推介，加大走访调研力度，及时回应社会关切，强化营商环境感知体验。
",上海市,,上海市人力资源和社会保障局,ZZ36194421,市人力资源社会保障局关于印发《坚持对标改革持续优化营商环境行动方案》的通知,上海市人力资源和社会保障局,上海市,2024-05-16 11:10:29
政策法规,2024-04-30 11:07:22,"各区卫生健康委，有关单位:
      现将《2024年上海市卫生健康领域推进政务服务改革 优化营商环境工作要点》印发给你们，请认真贯彻执行。
   上海市卫生健康委员会
  2024年4月26日
  2024年上海市卫生健康领域推进政务服务改革 优化营商环境工作要点
  
   

  2024年上海市卫生健康领域推进政务服务改革和优化营商环境工作，要以习近平新时代中国特色社会主义思想为指导，全面贯彻落实党的二十大和二十届二中全会精神，深入学习贯彻习近平总书记考察上海重要讲话精神，深入贯彻党中央、国务院和市委、市政府优化营商环境各项工作部署，认真贯彻落实《上海市优化营商环境条例》《上海市坚持对标改革 持续打造国际一流营商环境行动方案》《2024年上海市推进政府职能转变和行政审批制度改革工作要点》，持续推进政府职能转变，坚持对标改革，坚持法治化保障，坚持高质量发展，纵深推进卫生健康领域政务服务改革，助力打造国际一流营商环境。
  一、持续简政放权，深化政务服务标准化建设
  
  1.深化行政审批制度改革。严格按照全国统一行政许可事项清单实施行政许可，及时调整卫生健康领域行政许可清单目录，动态编制并完善行政许可实施规范和办事指南。做好政务服务事项清单与权责清单的衔接，及时清理、调整因法律法规发生变化的事项，严防违规乱设审批和变相审批。强化行政许可效能监管，组织开展2023年度行政许可实施情况年度报告编制工作，并及时向社会公布。推进事权下放，根据全国统一行政许可事项清单，推进“设置介入放射学项目许可”“从事婚前医学检查的人员资格认定”事项下放，进一步细化明确下放内容、下放范围、监管责任，完善实施规范和办事指南，配置办事系统，指导各区做好衔接落实。加大先行先试力度，在设立外资医疗机构准入、外籍医疗人员执业等领域争取创新政策突破。落实行政审批告知承诺清单管理，扩大告知承诺制覆盖的行政审批事项类型。
  
  2.推进政务服务标准化。进一步提升政务服务事项办事指南精准度和颗粒度，进一步细化办理情形、申请材料目录、办理流程，量化业务口径标准，消除模糊条款、兜底条款，加强环节管理，将标准和流程固化在线上线下办理中，杜绝“体外循环”“隐形审批”。促进线上线下业务融合，持续提升线上线下一体化服务能力，推进政务服务事项、受理系统、窗口管理等标准化建设，加强对各级卫生健康政务服务事项的全行业管理和指导，实现同一政务服务事项市和区之间、不同区之间无差别受理、同标准办理。
  
  3.持续精简优化政务服务事项。持续清理各类具有审批性质的政务服务事项，形成卫生健康领域行政备案清单，建立事项合法、程序规范、服务优质的行政备案制度。按照国家进一步优化食品企业标准备案管理工作的要求，进一步完善“食品安全企业标准”的备案工作，优化备案模式和工作流程，提高备案信息化水平和服务效率，加强事后指导和备案后管理。推进落实“病媒生物预防控制服务机构”备案工作。动态调整卫生健康领域公共服务事项清单目录及办事指南，加大对各区依申请公共服务事项支持力度，推进更多优质公共服务事项上线。
  二、深化惠企便民举措落实，助力优化营商环境
  
  4.深化拓展“一业一证”改革。进一步深化改革创新，健全行业综合许可制度，按照“一业一证”目录（第二版），在夯实原有业态的基础上，推动“口腔诊所”“医疗美容门诊部”“中医诊所”三个新业态的行业综合许可改革，编制试点业态综合许可办事指南，整合申请表，精简材料。指导各区积极再造业务流程，探索推动综合许可办理在新办基础上向变更、注销、补证延伸，再造业务流程，完成改革方案和办事指南编制工作，改进“一业一证”网上申报功能，提高申请人填报便利度，提升全程网办能力。推动实现行业综合许可证集成的信息与相关单证许可证具有同等证明力，扩大行业综合许可证在政务服务、监管执法等场景中的应用，提升知晓度、认可度，逐步实现行业综合许可证“一证准营”。探索推进从经营主体视角制定合规经营指南，实现“一册告知”。
  
  5.持续优化“一件事”。重点推进出生“一件事”的集中攻关和创新示范工作任务，继续推动出生“一件事”向出生前延伸，落实为孕妇建卡提供网上智能引导、网上申请、预约和智能提醒等工作。扩大受益人群，持续推进长三角区域出生“一件事”跨省通办。加强运营保障，完善效能预警机制，提高办事效能监管以及数据共享、办件对接的及时率和准确率。配合做好企业职工退休“一件事”、养老服务“一件事”、公民身故“一件事”、公民婚育“一件事”等“一件事”工作。
  
  6
  .
  精准提供服务 。夯实“两个免于提交”，对于本市政府部门核发的新归集电子证照，及时更新办事指南和业务系统，稳步提升调取电子证照的比例。推进人工智能赋能政务服务，新增优化“护士执业注册”“《独生子女父母光荣证》办理”“放射工作人员证发放”“妇女两病筛查”“涉及饮用水卫生安全产品卫生许可”等高频事项“智慧好办”，提供智能技术审查、智能预填、智能申报等服务，实现“799”服务效能。持续做好建设项目预防性卫生审查，配合牵头单位推进落实工程建设项目全流程审批“一个系统”服务功能迭代优化。研究制定本市健康医疗数据合规流通与利用的指引文件。深化推动养老机构医养结合，提升服务功能。持续提升职业健康领域涉企服务水平，进一步开展中小微型企业职业健康帮扶工作，进一步完善帮扶模式和帮扶机制，不断夯实帮扶效果，全面提升本市职业健康管理水平和效能。持续推动医疗卫生机构成果转化。积极配合推进上海自由贸易试验区及临港新片区外商投资基因诊断与治疗技术开发和应用等领域开放试点工作。
  三、推动“审管执信”联动，强化精准高效监管
  
  7.持续完善新型监管模式
  。引导经营主体线上开具专用信用报告代替有无违法记录证明，配合牵头单位推行“合规一码通”。制定本行业合规指引，推广常态化“合规体检”“法治体检”模式，引导经营主体完善管理流程、加强自我监督。
  
  8.
  加强智慧监管。依托本市第六轮加强公共卫生体系建设三年行动计划，推进上海市智慧卫监工程（二期）项目建设。提升卫生健康领域数字化治理能力，推动公共监管数据向社会公开服务，提升数据服务能力。
  
  9.
  推进跨部门综合监管。加强医疗美容机构跨部门综合监管，梳理医疗美容行业风险点，将医疗美容诊疗活动、涉及医疗美容经营活动和相关药品、医疗器械纳入综合监管范畴，完善证照衔接监管工作机制，加强联合执法检查，强化线索信息互通。配合做好托育机构、殡葬服务、养老服务、自建房屋安全、乡村民宿、高危险性体育项目、医疗保障基金使用、人防工程使用、零售药店、临港新片区房建等领域的跨部门综合监管。
  
  10.
  实施
  “
  双随机、一公开
  ”
  监管
  。开展卫生健康领域“双随机、一公开”检查，加强抽查工作常态化、规范化管理。针对社会关注度高、出现问题较多或风险较高的监管事项，开展专项监督执法行动。
  
  11.
  规范监管执法
  。严格落实行政执法“三项制度”，严格规范公正文明执法。完善行政裁量权基准制度，防止任性执法、类案不同罚、过度处罚等。
  四、强化“好差评”，以评促改
  
  12.完善“好差评”工作机制。落实“好差评”服务事项、评价对象、服务渠道“三个全覆盖”，实现企业群众对办理事项分环节精准评价，提升企业群众意见建议收集的精细化和精准度。高频政务服务事项全部开设线上“办不成事”反映渠道。完善线上线下“办不成事”反映问题闭环管理机制，将企业群众反映的“办不成事”问题，按照“好差评”整改处置机制，通过12345市民热线转办处理。对企业群众反映的问题，及时采取有效措施优化整改，持续跟踪典型性、集中性问题，以评促改实效，推动通过解决一个诉求带动破解一类问题，优化一类服务。
  五、强化组织保障，推动改革提质增效
  
  13.加强组织领导。本市各级卫生健康部门、各有关单位要认真落实市委、市政府的工作要求，加强领导，完善工作机制，形成合力，切实推动改革创新有实效，改革举措落实处。要加强宣传培训，做好巩固改革实施与法规调整、落实改革举措与强化监管、市和区的对接相融合。
  
  14.
  加强对改革实效的监督评估。开展改革成效评估，充分听取各方意见，通过调研和评估，找出问题和差距，提出改进措施和建议，进一步完善改革举措。建立信息报送机制，促进政策、案例、经验成效的总结提炼，及时固化改革成效，加强宣传推介。
  
  15.
  加强法
  治
  保障。组织开展普法活动，加强对卫生健康领域的法治宣传、业务培训，不断提升市场主体和群众尊法学法守法意识，实现合规管理，增强依法治理能力和水平。优化公平竞争审查机制，加强对重大政策措施的公平竞争审查，及时清理和修改完善不相适应的行政规范性文件，防止出现排除、限制竞争的政策措施。
",上海市,,上海市卫生健康委员会,ZZ36166652,关于印发《2024年上海市卫生健康领域推进政务服务改革优化营商环境工作要点》的通知,上海市卫生健康委员会,上海市,2024-05-16 11:09:09
政策法规,2024-04-30 00:00:00,"
各区人民政府，市政府各委、办、局，各有关单位：
  现将《上海市推动大规模设备更新和消费品以旧换新行动计划（2024-2027年）》印发给你们，请认真贯彻执行。
  上海市人民政府
  2024年4月23日
 
上海市推动大规模设备更新和消费品以旧换新行动计划（2024-2027年）
  为贯彻落实国务院《推动大规模设备更新和消费品以旧换新行动方案》（国发〔2024〕7号）要求，强化标准引领和政策保障，促进产业高端化、智能化、绿色化发展转型，提升城市基础设施安全智能水平，推动高质量耐用消费品更多进入居民生活，畅通资源循环利用链条，力争到2027年，工业、能源、建筑、交通等十个领域设备更新和汽车、家电、家装等四类消费品以旧换新走在全国前列，结合本市实际,制定本行动计划。
  一、推动开展设备更新
  （一）推进生产设备数字化智能化升级更新。加大力度推进工业企业数字化转型和技术改造，全面完成规上企业智能化改造，加快推动智能制造设备、医疗设备、检测设备、基础软件和工业软件扩大应用，推动新材料中试及应用。着力推动高端智能装备首台套、软件产品首版次、新材料首批次等示范应用。加强创新产品在政府采购实施单位和政府投资项目建设单位的推广应用，鼓励国有企业加大创新产品采购比重。（责任单位：市经济信息化委、市发展改革委、市国资委，各区政府）
  （二）推动用能设备绿色低碳更新改造。以节能降碳、超低排放为方向，促进绿色低碳新技术、新工艺、新设备、新材料推广应用。开展工业企业“百一”行动，大力推进工艺系统升级改造、推广节能高效产品、淘汰落后设备、优化节能管理等，实现工业用能年节能1%。加快推动本市石化化工、钢铁行业流程优化和提质改造。（责任单位：市经济信息化委、市发展改革委，各区政府）
  （三）推进数据中心绿色低碳改造。统筹规划、有序推进数据中心集约化建设，合理控制总量规模，重点支持具有重要功能的智能算力数据中心。提升项目能效准入门槛，新建数据中心能源利用效率（PUE）不高于1.25。加快既有数据中心升级改造，将规模小、效益差、能耗高的小散老旧数据中心纳入产业限制和淘汰目录，加大高效制冷技术和新能源推广应用力度，力争改造后能源利用效率（PUE）不高于1.4，实现年节能量5万吨标准煤以上。（责任单位：市经济信息化委、市发展改革委，各区政府）
  （四）推动能源电力设施升级改造。实施煤电机组节能改造和灵活性改造，力争改造规模分别达到200万千瓦、700万千瓦。推动老旧风电、光伏发电设备更新和高耗能变压器改造。推动存量自用非智能充电桩升级替代，力争完成2万个。推进燃气老化管道更新改造2500公里，每年实施燃气立管改造10万户。（责任单位：市发展改革委、市经济信息化委、市住房城乡建设管理委，各区政府）
  （五）加快市政基础设施领域设备更新。实现全市自来水厂深度处理改造全覆盖，推进700公里老旧供水管网更新改造、300个老旧住宅小区二次供水设施改造，推动开展节水改造。推进400公里排水管网修复改造，全面完成雨污混接改造并建立长效监管运维机制。持续提升生活垃圾回收体系，推动8000余个生活垃圾投放点专项更新，480座环卫压缩站和10座中转站升级改造。推动地下管线、桥梁隧道等城市生命线工程配套物联智能感知设备建设。有序更新城市基础设施设备，重点实施城市快速路(含越江桥梁隧道)、中心城区防汛泵站、市管信号灯系统和路灯等基础设施的设备更新改造。加快重点公共区域和道路视频监控等安防设备智能化改造。（责任单位：市水务局、市住房城乡建设管理委、市交通委、市绿化市容局、市公安局、市房屋管理局，各区政府）
  （六）推进建筑领域设备升级改造。推进既有建筑节能改造，重点推广高效空调设备、可再生能源系统、外墙保温材料、节能门窗等，实施既有建筑节能改造3200万平方米，其中平均节能率15%及以上的建筑面积达到200万平方米。滚动实施投入使用超过15年的老旧住宅电梯安全评估和分类更新改造，有序推动既有多层住宅加装电梯工作。（责任单位：市住房城乡建设管理委、市市场监管局、市房屋管理局、市机管局，各区政府）
  （七）加快交通领域设备淘汰更新。加快推进交通工具电气化、低碳化、智能化转型升级。党政机关、国有企事业单位、环卫、邮政以及公交车、巡游出租车等公共领域，新增或更新车辆原则上全部使用新能源车。推动国四柴油车、国二非道路移动机械提前淘汰，并鼓励进行新能源化更新。结合农业生产需求，加快推进老旧农业机械提前淘汰更新。持续引导老旧高污染高耗能船舶加快退出市场。支持开展绿色甲醇等新燃料船舶、智能船舶试点，加快内河运输纯电动船舶应用推广。（责任单位：市交通委、市生态环境局、市农业农村委、市绿化市容局、市机管局、市国资委、市邮政管理局，各区政府）
  （八）提升教育领域教学科研设备水平。推动高校、职业院校、中学加强教学科研仪器设备配置，加快置换先进教学设备，提高教学和实训场所装备数字化、智能化水平。落实职业院校专业实训建设标准，保质保量配置并及时更新教学仪器设备，改善职业院校实习实训条件。推进教育领域人工智能相关硬件建设，积极引导人工智能赋能教育现代化。（责任单位：市教委，各区政府）
  （九）推动文化旅游领域设备升级。以消除安全隐患、促进节能降碳、提升游客体验为主要方向，对接近使用年限、达到强制报废年限或安全性能下降的索道缆车、游乐设备、演艺设备等文旅设备进行更新或技术改造，推进各类文旅设施设备提升。（责任单位：市委宣传部、市文化旅游局，各区政府）
  （十）加强医疗领域设备改造升级。加强优质高效医疗卫生服务体系建设，推进医疗卫生机构装备和信息化设施迭代升级，鼓励具备条件的医疗机构加快医学影像、放射治疗、远程诊疗、手术机器人等医疗装备更新改造。推动医疗机构病房、门急诊、手术室、能源保障设施改造提升，加强医疗机构既有用房适老化、便利化改造，提升医疗用房人性化、智能化水平，补齐病房环境与设施短板。（责任单位：市卫生健康委、申康医院发展中心，各区政府）
  二、持续实施消费品以旧换新
  （十一）开展汽车以旧换新。实施新一轮老旧汽车以旧换新补贴和新能源汽车置换补贴政策。支持各区对二手车经销商新增销售额给予一定奖励，进一步畅通车辆回收循环渠道。鼓励汽车品牌商、汽车销售企业、相关行业协会等组织开展各类汽车更新消费促进活动，依法依规淘汰老旧汽车，优化汽车消费环境，有序推进二手车出口。（责任单位：市商务委、市发展改革委、市经济信息化委、市财政局、市公安局、市生态环境局，各区政府）
  （十二）支持开展家电产品以旧换新。实施新一轮绿色智能家电补贴政策，支持家电销售企业联合生产企业、回收企业开设线上线下家电以旧换新专区，积极培育家电销售龙头企业，完善线下家电销售网络布局，提升家电以旧换新便利化服务水平，在拆、收、送、装等各环节不断优化服务流程。实施家电售后服务提升行动。（责任单位：市商务委、市发展改革委、市经济信息化委、市市场监管局、市财政局，各区政府）
  （十三）推动家装消费品换新。加强家装改造新模式推广，鼓励商场、社区向家装企业开放，搭建可装配化、微更新型的样板间，提供类型丰富的家庭整装产品和服务，满足消费者多元化需求。引导、鼓励、促进旧房装修服务、智能家居等新型消费。鼓励多渠道开展大件家具回收。丰富拓展适老化改造产品，持续推进居家适老化改造。（责任单位：市商务委、市住房城乡建设管理委、市绿化市容局、市房屋管理局、市民政局，各区政府）
  （十四）有序开展电动自行车以旧换新。制定本市电动自行车以旧换新措施并组织实施，引导电动自行车生产、销售企业积极开展以旧换新促销活动。鼓励和引导市民选用换电车型，推动老旧电动自行车及蓄电池加快退出使用。（责任单位：市商务委、市市场监管局、市经济信息化委、市公安局、市生态环境局、市发展改革委、市财政局，各区政府）
  三、完善提升回收循环利用体系
  （十五）完善废旧产品设备回收网络。合理布局“两网融合”回收服务点，支持建设一批集中分拣处理中心，进一步完善再生资源回收网络。加快“换新 回收”物流体系和新模式发展，支持耐用消费品生产、销售企业建设逆向物流体系或与专业回收企业合作，上门回收废旧消费品。优化报废汽车回收拆解企业布局，鼓励推广上门取车服务模式。鼓励电子电器、汽车等生产企业自建或与第三方合作建设智能回收、自动回收等新型回收体系，完善公共机构办公设备回收渠道。支持废旧产品设备线上交易平台发展。（责任单位：市商务委、市发展改革委、市经济信息化委、市规划资源局、市绿化市容局、市机管局，各区政府）
  （十六）支持二手商品流通交易。持续优化二手车交易登记管理，促进便利交易。推动二手电子产品交易规范化，探索制定电子产品信息清除标准规范，防范泄露及恶意恢复用户信息。支持二手商品交易线上平台和线下市场建设，鼓励有条件的区建设集中规范的车辆、家电、手机、家具、服装等二手商品交易市场和交易专区。规范二手商品流通秩序和交易行为，加强二手商品市场监管和执法检查。支持电子产品生产企业发展二手交易、翻新维修等业务。（责任单位：市商务委、市市场监管局、市经济信息化委，各区政府）
  （十七）有序推进再制造和梯次利用。重点发展汽车零部件、航空发动机、船舶机械、精密仪器等产品领域高端智能再制造，推广应用无损检测、增材制造、柔性加工等技术工艺，提升再制造加工水平。探索在风电光伏等新兴领域开展高端装备再制造业务。加快风电光伏、动力电池等产品设备残余寿命评估技术研发，有序推进产品设备及关键部件梯次利用。（责任单位：市经济信息化委、市发展改革委）
  （十八）推动资源高水平再生利用。加快建设老港、临港等一批高水平资源循环利用基地，完善废旧物资循环利用体系，持续提升再生资源加工利用技术水平和产业能级。推进废弃油脂、生物沼气、农林废弃物等制取生物燃料，开展报废机动车、废旧电子电器产品、废旧动力电池等领域先进拆解利用技术示范推广，深入开展低价值可回收物高水平利用技术研究。探索建设符合国际标准、具有上海特色的再生材料使用情况信息化追溯系统。（责任单位：市发展改革委、市经济信息化委、市商务委、市绿化市容局、市农业农村委，各区政府）
  四、强化政策支撑保障
  （十九）加强标准支撑。加大力度推进节能环保、产品质量安全等国家标准宣贯实施，支撑设备和消费品更新换代。支持相关单位对标重点领域国内国际先进水平，研究制修订一批能耗限额、碳排放管理、污染排放控制、再生资源利用等地方标准、企业标准和团体标准。推动本市产品碳足迹管理和绿色低碳供应链体系建设，组织开展产品碳标识认证试点。（责任单位：市市场监管局、市发展改革委、市经济信息化委、市生态环境局、市商务委、市交通委、市住房城乡建设管理委）
  （二十）加大财税政策支持。积极争取中央预算内投资、超长期特别国债和中央各类专项资金支持，统筹用好市级建设财力、节能减排专项资金等各类相关财政资金，鼓励各区加大区级相关资金配套支持力度。推动落实政府绿色采购政策措施，加大绿色产品采购力度。做好税收支持政策的宣贯培训，落实资源综合利用等相关增值税和企业所得税优惠政策，推广资源回收企业向自然人报废产品出售者“反向开票”做法。严肃财经纪律，强化财政资金全过程、全链条、全方位监管，提高财政资金使用的精准性和有效性。（责任单位：市财政局、市税务局、市发展改革委，各区政府）
  （二十一）强化金融支持。用好国家再贷款政策工具，发挥扩大制造业中长期贷款投放工作机制作用，引导金融机构合理加大对设备更新和技术改造的信贷资源倾斜。鼓励银行机构适当降低汽车贷款首付比例，合理确定贷款期限、信贷额度。积极探索应用融资租赁等模式吸引社会资本参与设备更新。充分发挥绿色金融服务平台作用，深入推进“政银保担企”对接机制，为金融机构开展绿色金融和转型金融服务提供支撑。（责任单位：市委金融办、市发展改革委、市生态环境局、中国人民银行上海总部、金融监管总局上海监管局）
  （二十二）加强要素保障。加强企业技术改造项目用地等要素保障。针对“零增地”技术改造，探索实施承诺备案制度、编制审批目录清单、建立书面承诺机制和开展项目综合验收。支持本市资源循环利用行业稳定发展，实施资源循环利用企业动态名单管理和1%产业用地保障制度。将生活源可回收物中转站、集散场等分类收集设施按照城市基础设施予以用地保障。（责任单位：市规划资源局、市发展改革委、市经济信息化委、市生态环境局、市住房城乡建设管理委、市绿化市容局，各区政府）
  （二十三）强化创新支撑。发挥本市高校、科研院所优势，聚焦困扰传统产业转型升级的产业基础、重大技术装备“卡脖子”难题，积极开展科技攻关。完善“揭榜挂帅”“赛马”和创新产品迭代等机制，强化制造业中试能力支撑，加快创新成果产业化应用。（责任单位：市科委、市教委、市经济信息化委、市发展改革委）
  （二十四）加大推动力度。建立大规模设备更新和消费品以旧换新工作机制，市发展改革委具体负责统筹协调和部署推进。各有关部门按照职责分工制定具体方案和配套政策，充分做好政策解读，调动行业协会商会、企业、居民积极性，营造推动大规模设备更新和消费品以旧换新的良好社会氛围。各部门和各区要加强跟踪分析，推动各项任务落实落细，重大事项及时按程序请示报告。
相关稿件

【图解】上海市人民政府关于印发《上海市推动大规模设备更新和消费品以旧换新行动计划（2024-2027年）》的通知
https://fgw.sh.gov.cn/fgw_zcjd/20240430/e144d1189cdb4c1586011efe07c5f02f.html


",上海市,,上海市发展和改革委员会,ZZ36165683,上海市人民政府关于印发《上海市推动大规模设备更新和消费品以旧换新行动计划（2024-2027年）》的通知,上海市发展和改革委员会,上海市,2024-05-10 00:33:23
政策法规,2024-04-30 00:00:00,"
           上海市人民政府关于印发《上海市推动大规模设备更新和消费品以旧换新行动计划（2024-2027年）》的通知 
           沪府发〔2024〕5号 
           各区人民政府，市政府各委、办、局，各有关单位： 
             现将《上海市推动大规模设备更新和消费品以旧换新行动计划（2024-2027年）》印发给你们，请认真贯彻执行。 
             上海市人民政府 
             2024年4月23日 
           上海市推动大规模设备更新和消费品以旧换新行动计划（2024-2027年） 
             为贯彻落实国务院《推动大规模设备更新和消费品以旧换新行动方案》（国发〔2024〕7号）要求，强化标准引领和政策保障，促进产业高端化、智能化、绿色化发展转型，提升城市基础设施安全智能水平，推动高质量耐用消费品更多进入居民生活，畅通资源循环利用链条，力争到2027年，工业、能源、建筑、交通等十个领域设备更新和汽车、家电、家装等四类消费品以旧换新走在全国前列，结合本市实际,制定本行动计划。 
             一、推动开展设备更新 
             （一）推进生产设备数字化智能化升级更新。加大力度推进工业企业数字化转型和技术改造，全面完成规上企业智能化改造，加快推动智能制造设备、医疗设备、检测设备、基础软件和工业软件扩大应用，推动新材料中试及应用。着力推动高端智能装备首台套、软件产品首版次、新材料首批次等示范应用。加强创新产品在政府采购实施单位和政府投资项目建设单位的推广应用，鼓励国有企业加大创新产品采购比重。（责任单位：市经济信息化委、市发展改革委、市国资委，各区政府） 
             （二）推动用能设备绿色低碳更新改造。以节能降碳、超低排放为方向，促进绿色低碳新技术、新工艺、新设备、新材料推广应用。开展工业企业“百一”行动，大力推进工艺系统升级改造、推广节能高效产品、淘汰落后设备、优化节能管理等，实现工业用能年节能1%。加快推动本市石化化工、钢铁行业流程优化和提质改造。（责任单位：市经济信息化委、市发展改革委，各区政府） 
             （三）推进数据中心绿色低碳改造。统筹规划、有序推进数据中心集约化建设，合理控制总量规模，重点支持具有重要功能的智能算力数据中心。提升项目能效准入门槛，新建数据中心能源利用效率（PUE）不高于1.25。加快既有数据中心升级改造，将规模小、效益差、能耗高的小散老旧数据中心纳入产业限制和淘汰目录，加大高效制冷技术和新能源推广应用力度，力争改造后能源利用效率（PUE）不高于1.4，实现年节能量5万吨标准煤以上。（责任单位：市经济信息化委、市发展改革委，各区政府） 
             （四）推动能源电力设施升级改造。实施煤电机组节能改造和灵活性改造，力争改造规模分别达到200万千瓦、700万千瓦。推动老旧风电、光伏发电设备更新和高耗能变压器改造。推动存量自用非智能充电桩升级替代，力争完成2万个。推进燃气老化管道更新改造2500公里，每年实施燃气立管改造10万户。（责任单位：市发展改革委、市经济信息化委、市住房城乡建设管理委，各区政府） 
             （五）加快市政基础设施领域设备更新。实现全市自来水厂深度处理改造全覆盖，推进700公里老旧供水管网更新改造、300个老旧住宅小区二次供水设施改造，推动开展节水改造。推进400公里排水管网修复改造，全面完成雨污混接改造并建立长效监管运维机制。持续提升生活垃圾回收体系，推动8000余个生活垃圾投放点专项更新，480座环卫压缩站和10座中转站升级改造。推动地下管线、桥梁隧道等城市生命线工程配套物联智能感知设备建设。有序更新城市基础设施设备，重点实施城市快速路(含越江桥梁隧道)、中心城区防汛泵站、市管信号灯系统和路灯等基础设施的设备更新改造。加快重点公共区域和道路视频监控等安防设备智能化改造。（责任单位：市水务局、市住房城乡建设管理委、市交通委、市绿化市容局、市公安局、市房屋管理局，各区政府） 
             （六）推进建筑领域设备升级改造。推进既有建筑节能改造，重点推广高效空调设备、可再生能源系统、外墙保温材料、节能门窗等，实施既有建筑节能改造3200万平方米，其中平均节能率15%及以上的建筑面积达到200万平方米。滚动实施投入使用超过15年的老旧住宅电梯安全评估和分类更新改造，有序推动既有多层住宅加装电梯工作。（责任单位：市住房城乡建设管理委、市市场监管局、市房屋管理局、市机管局，各区政府） 
             （七）加快交通领域设备淘汰更新。加快推进交通工具电气化、低碳化、智能化转型升级。党政机关、国有企事业单位、环卫、邮政以及公交车、巡游出租车等公共领域，新增或更新车辆原则上全部使用新能源车。推动国四柴油车、国二非道路移动机械提前淘汰，并鼓励进行新能源化更新。结合农业生产需求，加快推进老旧农业机械提前淘汰更新。持续引导老旧高污染高耗能船舶加快退出市场。支持开展绿色甲醇等新燃料船舶、智能船舶试点，加快内河运输纯电动船舶应用推广。（责任单位：市交通委、市生态环境局、市农业农村委、市绿化市容局、市机管局、市国资委、市邮政管理局，各区政府） 
             （八）提升教育领域教学科研设备水平。推动高校、职业院校、中学加强教学科研仪器设备配置，加快置换先进教学设备，提高教学和实训场所装备数字化、智能化水平。落实职业院校专业实训建设标准，保质保量配置并及时更新教学仪器设备，改善职业院校实习实训条件。推进教育领域人工智能相关硬件建设，积极引导人工智能赋能教育现代化。（责任单位：市教委，各区政府） 
             （九）推动文化旅游领域设备升级。以消除安全隐患、促进节能降碳、提升游客体验为主要方向，对接近使用年限、达到强制报废年限或安全性能下降的索道缆车、游乐设备、演艺设备等文旅设备进行更新或技术改造，推进各类文旅设施设备提升。（责任单位：市委宣传部、市文化旅游局，各区政府） 
             （十）加强医疗领域设备改造升级。加强优质高效医疗卫生服务体系建设，推进医疗卫生机构装备和信息化设施迭代升级，鼓励具备条件的医疗机构加快医学影像、放射治疗、远程诊疗、手术机器人等医疗装备更新改造。推动医疗机构病房、门急诊、手术室、能源保障设施改造提升，加强医疗机构既有用房适老化、便利化改造，提升医疗用房人性化、智能化水平，补齐病房环境与设施短板。（责任单位：市卫生健康委、申康医院发展中心，各区政府） 
             二、持续实施消费品以旧换新 
             （十一）开展汽车以旧换新。实施新一轮老旧汽车以旧换新补贴和新能源汽车置换补贴政策。支持各区对二手车经销商新增销售额给予一定奖励，进一步畅通车辆回收循环渠道。鼓励汽车品牌商、汽车销售企业、相关行业协会等组织开展各类汽车更新消费促进活动，依法依规淘汰老旧汽车，优化汽车消费环境，有序推进二手车出口。（责任单位：市商务委、市发展改革委、市经济信息化委、市财政局、市公安局、市生态环境局，各区政府） 
             （十二）支持开展家电产品以旧换新。实施新一轮绿色智能家电补贴政策，支持家电销售企业联合生产企业、回收企业开设线上线下家电以旧换新专区，积极培育家电销售龙头企业，完善线下家电销售网络布局，提升家电以旧换新便利化服务水平，在拆、收、送、装等各环节不断优化服务流程。实施家电售后服务提升行动。（责任单位：市商务委、市发展改革委、市经济信息化委、市市场监管局、市财政局，各区政府） 
             （十三）推动家装消费品换新。加强家装改造新模式推广，鼓励商场、社区向家装企业开放，搭建可装配化、微更新型的样板间，提供类型丰富的家庭整装产品和服务，满足消费者多元化需求。引导、鼓励、促进旧房装修服务、智能家居等新型消费。鼓励多渠道开展大件家具回收。丰富拓展适老化改造产品，持续推进居家适老化改造。（责任单位：市商务委、市住房城乡建设管理委、市绿化市容局、市房屋管理局、市民政局，各区政府） 
             （十四）有序开展电动自行车以旧换新。制定本市电动自行车以旧换新措施并组织实施，引导电动自行车生产、销售企业积极开展以旧换新促销活动。鼓励和引导市民选用换电车型，推动老旧电动自行车及蓄电池加快退出使用。（责任单位：市商务委、市市场监管局、市经济信息化委、市公安局、市生态环境局、市发展改革委、市财政局，各区政府） 
             三、完善提升回收循环利用体系 
             （十五）完善废旧产品设备回收网络。合理布局“两网融合”回收服务点，支持建设一批集中分拣处理中心，进一步完善再生资源回收网络。加快“换新 回收”物流体系和新模式发展，支持耐用消费品生产、销售企业建设逆向物流体系或与专业回收企业合作，上门回收废旧消费品。优化报废汽车回收拆解企业布局，鼓励推广上门取车服务模式。鼓励电子电器、汽车等生产企业自建或与第三方合作建设智能回收、自动回收等新型回收体系，完善公共机构办公设备回收渠道。支持废旧产品设备线上交易平台发展。（责任单位：市商务委、市发展改革委、市经济信息化委、市规划资源局、市绿化市容局、市机管局，各区政府） 
             （十六）支持二手商品流通交易。持续优化二手车交易登记管理，促进便利交易。推动二手电子产品交易规范化，探索制定电子产品信息清除标准规范，防范泄露及恶意恢复用户信息。支持二手商品交易线上平台和线下市场建设，鼓励有条件的区建设集中规范的车辆、家电、手机、家具、服装等二手商品交易市场和交易专区。规范二手商品流通秩序和交易行为，加强二手商品市场监管和执法检查。支持电子产品生产企业发展二手交易、翻新维修等业务。（责任单位：市商务委、市市场监管局、市经济信息化委，各区政府） 
             （十七）有序推进再制造和梯次利用。重点发展汽车零部件、航空发动机、船舶机械、精密仪器等产品领域高端智能再制造，推广应用无损检测、增材制造、柔性加工等技术工艺，提升再制造加工水平。探索在风电光伏等新兴领域开展高端装备再制造业务。加快风电光伏、动力电池等产品设备残余寿命评估技术研发，有序推进产品设备及关键部件梯次利用。（责任单位：市经济信息化委、市发展改革委） 
             （十八）推动资源高水平再生利用。加快建设老港、临港等一批高水平资源循环利用基地，完善废旧物资循环利用体系，持续提升再生资源加工利用技术水平和产业能级。推进废弃油脂、生物沼气、农林废弃物等制取生物燃料，开展报废机动车、废旧电子电器产品、废旧动力电池等领域先进拆解利用技术示范推广，深入开展低价值可回收物高水平利用技术研究。探索建设符合国际标准、具有上海特色的再生材料使用情况信息化追溯系统。（责任单位：市发展改革委、市经济信息化委、市商务委、市绿化市容局、市农业农村委，各区政府） 
             四、强化政策支撑保障 
             （十九）加强标准支撑。加大力度推进节能环保、产品质量安全等国家标准宣贯实施，支撑设备和消费品更新换代。支持相关单位对标重点领域国内国际先进水平，研究制修订一批能耗限额、碳排放管理、污染排放控制、再生资源利用等地方标准、企业标准和团体标准。推动本市产品碳足迹管理和绿色低碳供应链体系建设，组织开展产品碳标识认证试点。（责任单位：市市场监管局、市发展改革委、市经济信息化委、市生态环境局、市商务委、市交通委、市住房城乡建设管理委） 
             （二十）加大财税政策支持。积极争取中央预算内投资、超长期特别国债和中央各类专项资金支持，统筹用好市级建设财力、节能减排专项资金等各类相关财政资金，鼓励各区加大区级相关资金配套支持力度。推动落实政府绿色采购政策措施，加大绿色产品采购力度。做好税收支持政策的宣贯培训，落实资源综合利用等相关增值税和企业所得税优惠政策，推广资源回收企业向自然人报废产品出售者“反向开票”做法。严肃财经纪律，强化财政资金全过程、全链条、全方位监管，提高财政资金使用的精准性和有效性。（责任单位：市财政局、市税务局、市发展改革委，各区政府） 
             （二十一）强化金融支持。用好国家再贷款政策工具，发挥扩大制造业中长期贷款投放工作机制作用，引导金融机构合理加大对设备更新和技术改造的信贷资源倾斜。鼓励银行机构适当降低汽车贷款首付比例，合理确定贷款期限、信贷额度。积极探索应用融资租赁等模式吸引社会资本参与设备更新。充分发挥绿色金融服务平台作用，深入推进“政银保担企”对接机制，为金融机构开展绿色金融和转型金融服务提供支撑。（责任单位：市委金融办、市发展改革委、市生态环境局、中国人民银行上海总部、金融监管总局上海监管局） 
             （二十二）加强要素保障。加强企业技术改造项目用地等要素保障。针对“零增地”技术改造，探索实施承诺备案制度、编制审批目录清单、建立书面承诺机制和开展项目综合验收。支持本市资源循环利用行业稳定发展，实施资源循环利用企业动态名单管理和1%产业用地保障制度。将生活源可回收物中转站、集散场等分类收集设施按照城市基础设施予以用地保障。（责任单位：市规划资源局、市发展改革委、市经济信息化委、市生态环境局、市住房城乡建设管理委、市绿化市容局，各区政府） 
             （二十三）强化创新支撑。发挥本市高校、科研院所优势，聚焦困扰传统产业转型升级的产业基础、重大技术装备“卡脖子”难题，积极开展科技攻关。完善“揭榜挂帅”“赛马”和创新产品迭代等机制，强化制造业中试能力支撑，加快创新成果产业化应用。（责任单位：市科委、市教委、市经济信息化委、市发展改革委） 
             （二十四）加大推动力度。建立大规模设备更新和消费品以旧换新工作机制，市发展改革委具体负责统筹协调和部署推进。各有关部门按照职责分工制定具体方案和配套政策，充分做好政策解读，调动行业协会商会、企业、居民积极性，营造推动大规模设备更新和消费品以旧换新的良好社会氛围。各部门和各区要加强跟踪分析，推动各项任务落实落细，重大事项及时按程序请示报告。
          ",上海市,,上海市人民政府,ZZ36158533,上海市人民政府关于印发《上海市推动大规模设备更新和消费品以旧换新行动计划（2024-2027年）》的通知,上海市人民政府,上海市,2024-05-01 00:32:02
政策法规,2024-04-19 00:00:00," 
         各相关单位： 
           为贯彻落实国务院关于《推动大规模设备更新和消费品以旧换新行动方案》（国发〔2024〕7号）工作要求，进一步促进本市新能源汽车消费，大力推动节能减排，特制订《上海市促进汽车消费补贴实施细则》。现予印发，请按照执行。 
           特此通知。 
           上海市发展和改革委员会 
           上海市财政局 
           2024年4月17日 
           
         上海市促进汽车消费补贴实施细则 
           为贯彻落实国务院印发的《推动大规模设备更新和消费品以旧换新行动方案》（国发〔2024〕7号），促进本市新能源汽车消费，大力推动节能减排，根据《上海市节能减排专项资金管理办法》，特制定本实施细则。 
           一、补贴范围和标准 
           自2024年1月1日至2024年12月31日（以下日期均含当日），个人用户购买纯电动小客车新车，注册使用性质为非营运，且在规定期限内报废或者转让（不含变更登记）本人名下在本市注册登记的非营业性小客车的，本市给予个人用户一次性10000元购车补贴。 
           报废车辆是指个人用户根据《报废机动车回收管理办法》及其实施细则的规定，到具备报废机动车回收资质企业报废个人名下汽车，取得有效的《报废机动车回收证明》和《机动车注销证明》，并完成注销登记手续。 
           转让车辆是指个人用户名下的汽车所有权发生转移（不含变更），取得有效的《二手车销售统一发票》，并完成转让登记手续。 
           新车是指个人用户购买的，纳入《道路机动车辆生产企业及产品公告》或国家其他相关车型目录的纯电动汽车。个人用户购买新车时，应当取得本市汽车销售机构开具的《机动车销售统一发票》，并前往市公安局交通管理部门办理机动车注册登记手续，取得有效的本市《机动车登记证书》和《机动车行驶证》。 
           二、申领条件 
           购车补贴的申请主体和补贴对象为个人用户。个人用户申请补贴，应当符合以下条件： 
           1.个人用户信用状况良好，在本市公共信用信息平台无相关失信记录。 
           2.个人用户报废或转让名下的沪牌小客车（以下简称“旧车”），应当于2023年12月31日之前登记在本人名下，且在本人名下未作为“旧车”申请过本市相关促进汽车消费补贴。 
           3.个人用户报废名下沪牌旧车，报废日期应当介于2022年6月1日至2024年12月31日之间，报废日期以《报废机动车回收证明》载明的交车时间为准。个人用户转让名下沪牌旧车，转让日期应当介于2022年6月1日至2024年12月31日之间，转让日期以《二手车销售统一发票》载明的开票日期为准。 
           4.个人用户购买新车，购买日期应当介于2024年1月1日至2024年12月31日之间，购买日期以汽车销售机构开具的《机动车销售统一发票》载明的开票日期为准。 
           5.个人用户购买新车，应当于2025年1月31日前在市公安局交通管理部门完成注册登记手续，注册日期以《机动车行驶证》载明的注册日期为准。自新车注册登记日期起一年内，个人用户不得将新车使用性质变更为营运。 
           三、部门职责 
           市发展改革委负责本实施细则总体协调，受理并审核个人用户申请；在市节能减排专项资金中安排补贴资金；对本细则实施效果进行评估。 
           市财政局负责做好资金保障，配合市发展改革委等做好财政资金拨付执行、监督管理、绩效评价等预算管理工作。 
           四、申请及审核流程 
           1.申请 
           补贴申请须由个人用户发起。申请人可以通过个人实名账号登录“上海发展改革”等指定平台，向市发展改革委提出购车补贴申请，签署《补贴申请承诺书》。 
           2.审核 
           市发展改革委对申请人提交的申请信息进行比对，在受理申请后15个工作日内提出审核意见。经审核，信息真实完整，属于本实施细则明确的补贴范围的，予以审核通过。信息审核或者补贴资金拨付过程中存在以下情形的，退回申请： 
           （1）申请人提交的本人身份信息与在汽车销售机构登记的个人信息，以及在市公安局交通管理部门注册登记新车的个人信息、报废或转让旧车的个人信息不一致； 
           （2）申请人持有的“旧车”未完成注销登记或者转让登记，或申请人已使用该“旧车”申请本市其他类别促进汽车消费补贴，包括但不限于“促进汽车消费补贴”“燃油车以旧换新补贴”“国三柴油车提前报废补贴”等； 
           （3）申请人未在本实施细则规定的期限内购买新车； 
           （4）申请人购买的新车注册登记的使用性质为“非营运”以外用途，或者在补贴申请期间将新车使用性质转为营运属性； 
           （5）申请人存在本实施细则列明的信用记录。 
           申请人提交的信息不清晰，或者无法辨识的，市发展改革委将通知申请人补正信息。申请人可以按照信息补正要求，在本实施细则明确的申请截止日期前通过原渠道补充提供相关信息。 
           3.异议复核 
           申请人对审核结果有异议的，可以在本实施细则明确的异议复核申请截止日期前，由本人前往指定地点提出书面复核申请。市发展改革委确认收齐相关材料后，30个工作日内提出复核意见，以短信方式通知申请人。 
           4.资金拨付 
           申请人提交的申请通过审核，且经公示无异议的，市发展改革委将定期汇总申请人信息和补贴金额报市节能减排办，市节能减排办审核同意后下达资金计划并抄送市财政局。 
           市发展改革委汇总后，定期向市财政局提交经审核确认符合拨付条件的申请人信息及补贴金额，并申请资金拨付。市财政局审核后按照相关规定拨付资金。 
           五、咨询渠道 
           个人用户如需咨询本实施细则有关内容，或者查询申请办理方式、审核状态及办理结果的，可以通过指定平台查询，或者致电热线电话咨询。 
           六、监督管理和绩效评价 
           市发展改革委、市财政局加强对补贴资金的监督，确保按照有关规定审核、拨付和使用补贴资金；根据预算绩效管理有关要求，开展绩效评价工作，加强绩效管理结果应用，推动提升资金配置效率和使用效益。 
           申请人应当按照本实施细则有关规定如实填报信息，并对申报信息的真实性、有效性负责。对经查实发现汽车销售机构和申请人串通他人提供虚假信息或设置虚假交易骗取补贴资金的，市发展改革委有权追回补贴资金。情节严重触犯法律的，依法追究相关个人和企业的法律责任。 
           个人用户未履行承诺，在新车注册登记日期起一年内将车辆性质转为营运的，应根据《补贴申请承诺书》约定，将所获得的补贴资金全额退还至指定账户。未履行资金退还义务的，市发展改革委依法依规将有关失信记录纳入公共信用信息平台。 
           七、其他事项 
           本实施细则由市发展改革委会同相关部门负责解释，如有关内容与国家规定不一致的，按照国家有关规定执行。 
           本实施细则自2024年1月1日起施行。补贴资金申请截止日期为2025年2月28日，异议复核申请截止日期为2025年3月31日。 
        ",上海市,,上海市发展和改革委员会,ZZ36141418,市发展改革委市财政局关于印发《上海市促进汽车消费补贴实施细则》的通知,上海市发展和改革委员会,上海市,2024-04-20 00:37:16
政策法规,2024-04-19 00:00:00,"
                            
 
 
    一、补贴范围和标准 
    自2024年1月1日至2024年12月31日(以下日期均含当日)，个人用户购买纯电动小客车新车，注册使用性质为非营运，且在规定期限内报废或者转让(不含变更登记)本人名下在本市注册登记的非营业性小客车的，本市给予个人用户一次性10000元购车补贴。 
    二、补贴申请要求 
    （一）人员要求 
    1、个人用户（各类企事业单位不在补贴申请范围内）。 
    2、新旧车车主（即车辆所有人）必须是同一个人。 
    3、个人信用状况良好。在市公共信用信息平台应当无下列失信记录： 
    各类税费欠缴信息；非法从事经营性客运活动信息；饮酒后或者醉酒驾驶机动车被处以行政处罚或者追究刑事责任的；实施严重道路交通违法行为，依法被处以暂扣机动车驾驶证、吊销机动车驾驶证、拘留等行政处罚信息；由他人替代记分、替代他人记分或者介绍替代记分信息；发生交通事故后逃逸信息；不执行生效判决的信息；依照法律法规和国家规定被列入严重失信主体名单信息。（个人信用报告可至“随申办”查询） 
    （二）车辆要求 
    1、旧车 
    一是报废或者转让的旧车应当于2023年12月31日前（含当日）注册登记在个人用户本人名下。 
    二是旧车应当为沪牌小客车(不包括大客、小货以及大货等)，使用性质是非营运。如果转让或者报废外省市号牌的小客车，或者使用性质是营运的小客车，都不支持申领补贴。 
    需要特别指出的是，若个人用户报废或转让的沪牌旧车使用性质为非营运的小客车，对于燃料类型没有特别要求，汽油车、柴油车、插电式混合动力或者纯电动新能源车，只要符合上述条件，也符合申领条件。 
    三是旧车报废或者转让日期应当介于2022年6月1日至2024年12月31日之间。 
    报废车辆是指个人用户根据《报废机动车回收管理办法》及其实施细则的规定，到具备报废机动车回收资质企业报废个人名下的符合规定的小客车，取得有效的《报废机动车回收证明》，并完成注销登记手续。报废日期在2022年6月1日至2024年12月31日之间以《报废机动车回收证明》上载明的交车时间为准。 
    转让车辆是指个人用户在本人名下的符合规定的小客车所有权发生转移（不含变更登记），取得有效的《二手车销售统一发票》，并完成转让登记手续；转让时间在2022年6月1日至2024年12月31日之间，以《二手车销售统一发票》上载明的开票日期为准； 
    四是旧车在本人名下未作为“旧车”申请过本市相关车辆置换补贴政策，包括但不限于“促进汽车消费补贴”、“燃油车以旧换新补贴”、“国三柴油车提前报废补贴”等； 
    2、新车 
    一是新车应当是符合国家车辆生产企业公告、强制性产品认证管理规定，纳入《道路机动车辆生产企业及产品公告》或国家其他相关车型目录的纯电动汽车。 
    目前市场上在售的绝大多数纯电动小客车都符合上述条件，消费者购买新车时可以向汽车销售机构咨询确认。 
    二是个人用户购买新车时，应当取得本市汽车销售机构开具的《机动车销售统一发票》,并前往市公安局交通管理部门办理机动车注册登记手续，取得有效的本市《机动车登记证书》和《机动车行驶证》。 
    三是新车购买日期应当介于2024年1月1日至2024年12月31日之间，购买日期以汽车销售机构开具的《机动车销售统一发票》载明的开票日期为准。 
    四是新车必须在2025年1月31日前（含当日）在本市完成注册登记。 
    五是新车注册登记日期起一年内将车辆性质转为营运的且未履行资金退还义务的，有关失信记录将纳入公共信用信息平台。 
    三、补贴申请 
    （一）申请通道 
    补贴申请主要采用线上申请和预约办理方式，须由车主本人发起。 
    线上通道： 
    ①“上海发展改革”-“政务服务”-“汽车补贴申请” 
    ②“车信盟”微信公众号-“补贴申请”-“购车补贴” 
    ③“车信盟”APP首页“购车补贴”提交补贴申请。 
    预约办理：持护照、港澳居民往来内地通行证、台湾居民来往大陆通行证、外国人永久居留身份证等其他有效证件的申请人申请补贴资金的，提交在线申请收到审核短信后，请尽快与400-820-3152热线电话联系，预约线下办理时间。 
   
    （二）申请材料清单 
    1、申请人材料 
    ①申请人姓名、有效身份证件号码和证件类型； 
    ②申请人本人持有的带有“银联”标识的银行一类借记卡卡号，； 
    ③申请人本人拥有的可正常接收短信的手机号码，手机号码须与申请人提供的上述银行卡预留的个人手机号码相同； 
    ·除上述证明材料外，若有更名、银行卡开户信息与车辆所有人信息不一致的等特殊情况的，需提供相关补正材料，比如居民户口本、护照以及结婚证、对应银行开户信息的佐证材料（如银行账单）等其他； 
    2、车辆材料 
    ①　报废或转让的旧车车辆本市登记的号牌号码； 
    ②　报废或转让旧车的，须分别按照要求提供《二手车销售统一发票》《报废机动车回收证明》； 
    ③　注册登记的新车号牌号码； 
    ④　购买新车时获取的本市《机动车销售统一发票》。 
    除上述证明材料外若有信息比对不一致等特殊情况的： 
    旧车提交申请时需准备的材料清单，包括但不限于： 
    · 旧车的《机动车注销证明书》； 
    · 旧车的《机动车行驶证》； 
    · 旧车的《机动车登记证书》（大绿本）； 
    · 旧车的转让或者报废合同等。 
    新车提交申请时需准备的材料清单，包括但不限于： 
    · 新车的《机动车行驶证》； 
    · 新车的《机动车登记证书》（大绿本）； 
    · 新车的购买合同等。 
    （三）审核结果查询 
    申请提交后，将在15个工作日内收到“车信盟”初审结果的短信通知，如果申请人提交的信息不清晰，无法辨识，或者需要进一步补充信息的，也会通知申请人按照要求补充信息。 
    必要时，申请人对审核结果有异议的，可提前预约现场递交补正材料，由本人携带相关材料原件、复印件或者影像资料，前往指定地点提出复核申请，在确认收齐相关材料后，将在30个工作日内提出复核意见，并再次通过“车信盟”平台以短信方式通知申请人。 
    （四）补贴资金拨付 
    申请人提交的申请通过审核，且经公示无异议的，市发展改革委将定期汇总申请人信息和补贴金额报市节能减排办；市节能减排办审核同意后下达资金计划并抄送市财政局。市发展改革委汇总后，定期向市财政局提交经审核确认符合拨付条件的申请人信息及补贴金额，并申请资金拨付。市财政局审核后按照规定拨付资金。 
    （五）申请不予受理的情况 
    出现下列情况时，补贴申请将不予受理： 
    1、申请时提供的个人账号或者银行账号未经实名认证； 
    2、未按照本实施细则要求提交完整信息； 
    3、提交旧车的《报废机动车回收证明》的交车时间或《二手车销售统一发票》开票时间不在2022年6月1日至2024年12月31日之间；新车的《机动车销售统一发票》的开票时间不在2024年1月1日至2024年12月31日之间； 
    4、本实施细则明确的申请截止日期后提交的申请。 
    四、申请补贴时间节点 
    1、旧车报废转让以及新车定购日期应当在2022年6月1日至2024年12月31日之间（均含当日） 
    2、购买新车的《机动车销售统一发票》开具时间应在2024年12月31日前。 
    3、补贴资金申请截止日期为2025年2月28日，异议复核申请截止日期为2025年3月31日。 
    五、注意事项 
    1、请保持提交的手机号码畅通，保证及时收到审核的短信结果通知； 
    2、在申请补贴资金到账期间，确保在收到补贴资金前借记卡及对应银行账户始终有效，可正常接收资金，以免影响补贴资金的到账。 
    个人用户如需咨询本实施细则有关内容，或者查询相关申请办理方式、审核状态及办理结果的，可以通过“车信盟”平台查询，或者致电热线电话咨询。 
    热线电话号码：400-820-3152， 
    服务时间：工作日9:00-11:00 13:00-17:00。
 

                            
                                相关稿件
                                
                                    市发展改革委 市财政局关于印发《上海市促进汽车消费补贴实施细则》的通知
                                
                            
                            ",上海市,,上海市发展和改革委员会,ZZ36141417,新能源汽车置换补贴申请指南（2024年）,上海市发展和改革委员会,上海市,2024-04-20 00:37:16
政策法规,2024-04-12 00:00:00,"
                    
                        
                    
                    有关单位：
为贯彻落实推进产业智能化、绿色化、融合化发展要求，上海市经济和信息化委员会、上海市发展和改革委员会联合制定了《上海市推动制造业数字化和绿色化协同转型发展行动方案（2024-2027年）》，现印发给你们，请认真按照执行。
 
 
上海市经济和信息化委员会
上海市发展和改革委员会
2024年4月7日
上海市推动制造业数字化和绿色化协同转型发展行动方案（2024-2027年）
 
为贯彻落实党中央、国务院关于推动数字化绿色化协同转型发展（以下简称“双化协同”）的决策部署，扎实推动本市制造业高质量发展，完善“（2 2） （3 6） （4 5）”现代化产业体系，培育新质生产力，制定本行动方案。
一、主要目标
全面贯彻党的二十大精神，建设数字中国、美丽中国，深入学习贯彻习近平总书记关于新型工业化的重要论述和考察上海重要讲话精神，按照全国新型工业化推进大会要求，坚持以数字化赋能绿色化、以绿色化带动数字化，加快推动“工业互联网 绿色制造”，实现制造业数字化赋能增效、绿色化节能降碳。到2027年，本市双化协同体制机制更趋完善，融合创新体系基本建立，制造业智能化、绿色化、融合化发展水平显著提升。
——绿色智造实现更高水平的提质增效。规模以上制造业企业数字化转型比例达85%以上，工业劳动生产率超过50万元/人，绿色低碳产业规模超过5000亿元。
——数字技术赋能更大力度的节能减排。聚焦重点行业领域和重点用能企业，大力推动智能绿色技术和装备应用，规模以上工业单位增加值能耗持续下降。
——标杆示范发挥更显成效的带动作用。培育20家绿色智能链主企业和50家系统解决方案供应商，打造20个绿色智慧标杆园区和50家绿色智能示范工厂，带动产业链供应链上下游整体双化协同水平提升。
——统筹联动营造更趋完善的政策环境。健全完善适应双化协同的体制机制和政策体系，形成一批公共服务平台和协同技术标准，广泛形成双化协同生产方式。
二、实施“重点领域转型”协同行动
1、推动高载能行业双化协同转型。大力推进钢铁生产工艺从长流程向短流程转变，支持企业加强全流程智能化控制，推进清洁能源替代。引导化工企业加快推进工艺设备数字化、智能连续化微反应制备等先进技术应用。推进碳捕集利用封存产业和示范项目，积极推动传统行业加快全链条数字化低碳化改造。
2、推动六大重点行业双化协同升级。电子信息领域，提高集成电路设计、制造、装备、材料等关键环节数字化协同水平，推进电子终端产品生产线智能化绿色化改造。生命健康领域，聚焦新药研发、临床试验、生产制造等重点环节，推动人工智能技术在辅助药物设计、新靶点发现、全流程追溯等领域应用。汽车领域，构建新能源、汽车芯片和智能网联汽车等关键零部件技术和产品供给体系，推进驱动电机及控制系统集成化、智能化发展，推动动力电池回收利用产业加快发展。高端装备领域，聚焦航空航天、船舶海工等重点领域，推动复杂系统产品研发设计、生产制造、运维服务全过程数字孪生，加快实施智能化和低碳化技术改造。先进材料领域，加快先进材料研发设计、生产过程、供应链、设备能源、安全环保等数字化应用和协同优化。时尚消费品领域，积极推动数字设计、绿色设计，提升绿色低碳消费品有效供给能力。
3、促进绿色低碳产业数字化发展。支持数字科技企业创新绿色产品溯源、绿色积分等机制。加强节能、节水、环保、清洁生产、资源综合利用等共性技术服务，打造一批双化协同专精特新“小巨人”企业。
三、实施“生产方式转型”协同行动
4、加大智能绿色产品供给。大力发展智能绿色低碳技术装备，扩大新能源智能网联汽车、绿色智能终端、绿色新材料、智能包装循环利用等供给。加大创新产品推荐力度，征集一批数字化绿色化产品和解决方案，开展面向双化协同的供需对接，聚焦重点行业和特色产业园区开展推广应用，推行绿色智能创新产品政府首购订购。
5、激发各类企业主体转型活力。发挥链主企业牵引作用，有效整合产业链供应链资源，制定行业转型标准规范，带动上下游企业协同转型。实现规模以上制造业企业数字化诊断全覆盖，年综合能耗2000吨标准煤以上规上企业节能诊断和能源审计全覆盖，重点用能单位实现企业能源管理中心应建尽建。实施中小企业双化协同转型行动，鼓励企业“看样学样”应用“小快轻准”解决方案和产品。支持和引导制造业企业主动开展ESG（环境、社会和公司治理）评价和信息披露。
6、培育解决方案供应商。支持各类解决方案供应商推动数字化和绿色化的工艺、技术、装备、软件等系统集成，面向典型场景和细分领域提供一批全生命周期绿色低碳产品和解决方案。充分发挥工业节能与绿色发展评价中心、工业节能诊断机构、合同能源管理公司、碳核算和认证机构、DCMM（数据管理能力成熟度评估模型）评估机构、行业协会等支撑作用，为企业双化协同转型提供专业服务。
7、创建绿色设计示范企业。构建基于大数据、云计算和人工智能等技术的绿色设计平台，鼓励电子电器、机械装备、汽车等企业围绕数字化、高性能、轻量化、低碳化、循环化等方向开展绿色设计，引导企业持续提升绿色设计市场影响力，到2027年培育20 家绿色设计示范企业。
8、打造绿色低碳供应链。鼓励钢铁、化工、汽车等链主企业以数据支撑、网络共享、智能协作为基础，构建绿色低碳供应链，协同推进供应链上下游企业绿色低碳转型，支持临港新片区等重点区域开展数智融合的绿色低碳供应链试点建设。
9、培育绿色智能示范工厂。持续推进智能工厂和绿色工厂创建，引导企业围绕设备数字化、生产网络化、能源低碳化和生产洁净化实施工艺升级和设备提标改造。支持智能工厂绿色化和绿色工厂智能化，打造一批绿色智能示范工厂。
10、打造绿色智慧标杆园区。巩固提升智慧园区、绿色园区创建工作成果，支持产业园区运用数字技术推动设施共建共享、能源智慧管控、资源循环利用，加快分布式光伏、多元储能、高效热泵、余热余压、绿色微电网等系统建设，打造一批绿色智慧标杆园区。
四、实施“技术创新赋能”协同行动
11、加强关键技术协同攻关。加快布局“减碳去碳”基础零部件、基础工艺、基础材料、关键仪器设备等研发，推动数字技术与绿色微电网、新型储能、碳捕集、碳利用、碳封存、环境污染治理等绿色技术深度融合。采用“揭榜挂帅”等机制，完善企业、行业出题机制，促进共性技术研发。
12、优化创新平台协同机制。发挥上海工业互联网功能型平台、低碳技术创新功能型平台、国际绿色低碳概念验证中心等作用，推动碳捕集利用封存技术研究中心、低碳冶金技术创新中心、大模型测试验证与协同创新中心等建设，积极引导社会力量和各类主体参与协同创新，探索产学研融合新范式。到2027年，培育10家市级以上双化协同制造业创新中心和企业技术中心。
13、加快人工智能重大场景策划落地。系统性策划大模型重大应用场景，组织行业龙头企业与大模型企业“结对子”创新，推动大模型在研发设计、生产制造、管理经营、运维服务等各环节深度应用。推动人形机器人的示范应用和购买补贴，探索机器人服务租赁模式，面向企业用户试点“免购即享”，加快人形机器人在工业制造、智慧生活、特种安防等重点领域应用落地。
五、实施“基础平台支撑”协同行动
14、推动数字基础设施绿色化。加快既有数据中心升级改造，积极推广液冷、高效制冷、余热利用、智慧运营等技术应用，探索实施算效（CE）等综合能效指标评价。依托人工智能公共算力服务平台，加强算力资源统筹、调度和共享，提高算力资源利用效率。推动新建5G基站采用一体化建设模式，加强极致能效应用，加大共建共享力度。
15、推动能源基础设施智能化。探索人工智能技术在电网智能辅助决策和调控方面的应用，引导自备电厂、高载能工业负荷、工业可中断负荷、虚拟电厂等参与电网系统调节，提高储能与供能、用能系统协同调控智能化水平。开展智能化管理的电力大数据信息平台建设，强化能源数据监测预测。
16、发挥工业互联网支撑作用。聚焦能源管理、节能降碳等典型场景打造一批工业互联网平台，培育推广“工业互联网 绿色低碳”解决方案。推动企业间可信数据共享、智能制造协同，开展节能量审核、分布式能源交易等试点。加强工业数据安全技术和产品研发，构建工业数据安全管理体系。
17、完善公共服务体系。打造产业绿色发展综合服务平台，提供在线智能能源审计、智能节能诊断、设备能效对标等公共服务，建设高质量本土碳足迹/LCA数据库和重点行业碳排放因子库，构建双化协同标准和碳效评价体系。
六、保障措施
18、加强统筹协调推进。发挥本市制造业高质量发展领导小组与“双碳”工作领导小组的统筹作用，由市经济信息化委会同各相关部门建立联动工作机制，协调各部门、各区加大双化协同转型发展推进力度,在重点区域和重点园区率先实施一批双化协同示范项目。
19、完善制度政策保障。加强双化协同顶层设计，统筹产业高质量发展和节能减排等专项资金，对企业应用双化协同新技术、新材料、新装备等给予支持和奖励。在本市新引进重大产业项目中，将数字化、绿色化指标纳入项目评估，推动与用地价格、出让年限和扶持政策等衔接。
20、提升内外合作水平。加强长三角重点产业数字化和绿色化协同创新和联动发展。积极应对国际碳边境调节机制，深化双化协同国际合作交流，积极参与绿色“一带一路”建设。用好世界人工智能大会、世界设计之都大会、国际碳博会等重大活动平台，加强合作交流和政策宣贯，评选和发布双化协同转型典型案例、标杆企业和示范场景。
                    
                        政策性文件留言咨询
                        （注：1.只接收对该政策性文件的相关咨询;2.留言时请注明政策性文件名称）
                    
                    
                        [返回]
                    
                ",上海市,,上海市经济和信息化委员会,ZZ36134672,上海市经济信息化委市发展改革委关于印发《上海市推动制造业数字化和绿色化协同转型发展行动方案（2024-2027年）的通知》,上海市经济和信息化委员会,上海市,2024-04-15 00:59:14
政策法规,2024-04-11 00:00:00,"为科学、公正、及时开展非主要农作物品种认定工作，根据《上海市种子条例》，市农业农村委起草了《上海市非主要农作物品种认定办法》（征求意见稿），现向社会公开征求意见。
  征求意见时间：2024年4月11日至2024年5月10日
  意见反馈方式：电子邮箱shzyglc@163.com
  联系人：杜兴彬 23117592
  上海市农业农村委员会
  2024年4月11日
  上海市非主要农作物品种认定办法
  （征求意见稿）
  第一条 为科学、公正、及时开展非主要农作物品种认定工作，根据《上海市种子条例》，制定本办法。
  第二条 在上海市行政区域内的非主要农作物品种认定，适用本办法。
  第三条 本办法所称的非主要农作物是指未列入国家登记目录的非主要农作物。
  第四条 非主要农作物品种认定采取自愿原则。
  第五条 上海市农作物品种审定委员会（以下称“市品审委”）负责本市行政区域内的非主要农作物品种认定工作，上海市农作物品种审定委员会办公室（以下称“市品审办”）负责日常工作。
  设立上海市非主要农作物品种认定专家库，专家由科研、教学、生产、推广、管理等方面的专业人员组成，应当具有高级以上专业技术职称或副处级以上职务。
  第六条 申请品种认定的单位和个人（以下称“申请者”）向市品审办提出申请。
  第七条 申请认定的品种应当具备下列条件：
  （一） 人工选育或发现并经过改良；
  （二） 具备特异性、一致性、稳定性；
  （三） 具有符合《农业植物品种命名规定》的品种名称；
  （四） 已完成品种试验。
  品种试验由申请者自行组织，应当对品种丰产性、稳产性、适应性、抗性等进行鉴定。试验时间不少于2个生产周期，有效试验点不少于3个，试验按试验规范执行(试验规范另行制定)。在生长的关键时期，申请者委托市品审办或自行组织3-5名专家进行现场考察，考察专家须从上海市非主要农作物品种认定专家库中抽选。对试验质量和品种表现进行评价，形成现场考察鉴定报告。
  第八条 申请品种认定的，应当向市品审办提交以下材料：
  （一） 品种认定申请书；
  （二） 品种选育报告，包括亲本组合以及杂交种的亲本系谱关系、选育方法、世代和特性描述、品种标准图片；
  （三） 品种试验报告，包括各周期、各试验点试验报告和汇总结果；
  （四）国家植物新品种保护名录内的作物需提交特异性、一致性、稳定性测试（以下称DUS 测试）报告或品种权证书；
  （五）反映品种及亲本特征特性的标准图片；
  （六）非转基因检测报告或承诺书；
  （七）品种现场考察鉴定报告；
  （八）品种和申请材料真实性、合法性及无品种权争议承诺书。
  在品种描述涉及抗性、品质时须提供抗性鉴定报告和品质检测报告。抗性鉴定、品质检测、DUS 测试，申请者可以自行开展或委托其他机构开展。
  第九条 每年4月、10月集中受理申请材料，对申请材料进行资格审查，因申请材料不齐全或不符合法定形式不予受理的，市品审办应在5个工作日内一次性告知申请者应当补正的全部材料，或不予受理的理由。
  申请者可以在接到告知后20个工作日内陈述意见或者对申请材料予以修正，逾期未陈述意见或者修正的，视为撤回申请；修正后仍然不符合规定的，驳回申请。
  第十条 市品审委一般在每年5月、11月召开2次认定会议，从上海市非主要农作物品种认定专家库中抽选7-11名相关专业专家，对申请认定的品种进行审议。
  审议实行回避制度，采取无记名投票进行表决，赞成票超过与会专家总数二分之一以上的，通过认定。
  认定通过的品种，在上海市农业农村委员会网站公示，公示时间不少于5个工作日。公示无异议的，由上海市农业农村委员会公告，并颁发认定证书。
  第十一条 未通过认定的品种，市品审办在10个工作日日内书面通知申请者并说明理由。申请者对认定结果有异议的，可以自接到通知之日起20个工作日内，向市品审办申请复审。
  第十二条 通过认定的品种应在认定公告发布之后30日内向上海市农业农村委员会指定机构提交标准样品。
  第十三条 对已认定品种，存在申请文件造假、标准样品不实、在使用过程中出现不可克服严重缺陷等情形时，由市品审委撤销认定，由上海市农业农村委员会公告。
  第十四条 品种申请、试验、测试、鉴定承担单位与个人应当对数据的真实性负责，并保证数据可追溯。
  第十五条 上海市农业农村委员会推动建立长江三角洲区域省际间非主要农作物品种试验数据共享互认机制，通过江苏、浙江、安徽省级认定的非主要农作物品种，经市品审委审核通过后，视同本市认定。
  第十六条 非主要农作物品种认定所需工作经费，列入市农业农村委专项经费预算。
  第十七条 本办法由上海市农业农村委员会负责解释。
  第十八条 本办法自公布之日起施行。",上海市,,上海市农业农村委员会,ZZ36140174,关于公开征求《上海市非主要农作物品种认定办法》（征求意见稿）意见的公告,上海市农业农村委员会,上海市,2024-04-19 00:32:53
政策法规,2024-04-11 00:00:00,"
           上海市人民政府关于批转市财政局、市国资委修订的《上海市企业国有资本收益收缴管理办法》的通知 
           沪府规〔2024〕4号 
           各区人民政府，市政府各委、办、局，各有关单位： 
             市政府同意市财政局、市国资委修订的《上海市企业国有资本收益收缴管理办法》，现转发给你们，请认真按照执行。 
             上海市人民政府 
             2024年3月30日 
           上海市企业国有资本收益收缴管理办法 
           第一章 总则 
             第一条 为进一步完善国有资本经营预算制度，规范本市市级国有资本收益收缴管理，依据《中华人民共和国预算法》《中华人民共和国企业国有资产法》《国务院关于进一步完善国有资本经营预算制度的意见》等的有关规定，结合本市实际，制定本办法。 
             第二条 本办法适用于由市政府授权的市级机构（部门）等履行出资人职责的企业（即一级企业）和由市级党政机关、事业单位出资所办的一级企业。一级企业包括国有独资企业、国有独资公司、国有控股企业和国有参股企业。 
             第三条 本办法所称国有资本收益，是指国家以所有者身份依法从企业取得的国有资本投资收益，具体包括： 
             （一）利润收入，即国有独资企业按照规定应当上交的年度净利润； 
             （二）国有股股利、股息收入，即国有控股企业、国有参股企业中国有股权（股份）分得的股利、股息收入； 
             （三）产权转让收入，即转让国有产权、股权（股份）获得的净收入； 
             （四）清算收入，即国有独资企业清算获得的（扣除清算费用后的）净收入，以及按照国有股权（股份）比例应分得的国有控股企业、国有参股企业清算（扣除清算费用后的）净收入； 
             （五）其他国有资本经营收入。 
             第四条 市财政局履行国有资本经营预算管理和指导职责，组织做好市级国有资本收益收取工作。市政府授权履行出资人职责的机构（部门）和有关党政机关、事业单位（以下统称“出资人单位”）作为国有资本经营预算单位，组织和监督所出资企业上交国有资本收益。 
             第五条 企业国有资本收益应当按照规定上交国库，纳入市级国有资本经营预算收入管理。 
           第二章 范围与比例 
             第六条 由市政府授权的市级机构（部门）等履行出资人职责的企业，应当按照规定上交国有资本收益，法律法规另有规定的除外。加快推进党政机关和事业单位所办一级企业按照规定上交国有资本收益。凭借国家权力和信用支持的金融机构所形成的资本和应享有的权益，纳入国有金融资本管理，法律法规另有规定的除外。 
             具体纳入市级国有资本收益收取的企业范围以及国有资本收益调入一般公共预算的比例，由市财政局会同市国资委等出资人单位提出方案，报市政府批准后执行。 
             第七条 国有独资企业上交年度净利润的比例实行分类管理，区分市场竞争类及金融服务类、功能保障类、公益性企业、文化企业和小微企业等。市财政局会同市国资委等出资人单位根据行业、企业类型等，研究提出具体分类分档方案，报市政府批准后执行。健全动态调整机制，需要作出调整的，由市财政局会同市国资委等出资人单位提出建议，报市政府批准后执行。新增企业适用的分类分档上交收益比例，由市财政局商有关单位审核确认。法律法规另有规定的，依其规定执行。 
             第八条 国有控股、参股公司应当按照“市场化、法治化”原则建立健全分红机制。出资人单位应当统筹考虑国有经济布局优化和结构调整总体要求，企业所处行业特点、发展阶段、财务状况、发展规划以及其他股东意见等研究提出国有控股企业利润分配意见，所提意见的利润分配原则上不低于同类国有独资企业和国有独资公司收益上交水平。逐步优化完善参股企业国有股收益上交机制，参照国有控股企业要求执行。出资人单位应当督促国有控股企业依法及时制定利润分配方案，利润分配方案通过后，企业应当及时按规定上交国有股股息红利。 
             当年不分配的，应当说明暂不分配的理由和依据，并出具股东会或者股东大会的决议。 
             第九条 产权转让收入、清算收入和其他国有资本经营收入实行全额上交。 
             第十条 企业根据国家政策进行重大调整或者由于遭受重大自然灾害等不可抗力因素造成巨大损失，需要减免应交利润的，应当向市财政局和出资人单位提出申请，由市财政局会同出资人单位审核并报市政府批准后执行。 
             企业应当将减免的应交利润直接转增国家资本或者国有资本公积。 
           第三章 申报与核定 
             第十一条 企业上交国有资本收益，应当按照规定及时足额申报，如实填写企业国有资本收益申报表,具体申报时间及要求如下： 
             （一）利润收入，由企业在年度终了后5个月内一次申报。国有独资企业拥有全资公司或者控股子公司、子企业的，应当由母公司以年度合并财务报表反映的归属于母公司所有者的净利润为基础申报，并附送决算报表、审计报告等材料。 
             （二）国有股股利、股息收入，在股东大会（股东会）及其类似权力机构表决日后30个工作日内，由国有控股、参股公司据实申报，并附送股东会或股东大会的决议文件。股东大会（股东会）审议决定上年利润分配方案的时间原则上不晚于当年9月底。 
             （三）产权转让收入，在签订产权转让合同后30个工作日内，由企业或者出资人单位授权的机构据实申报，并附送产权转让合同和经核准或备案的资产评估报告。 
             （四）清算收入，在清算组或者管理人编制剩余财产分配方案后30个工作日内，由清算组或者管理人据实申报，并附送企业经依法审计的清算报告，涉及资产评估项目应附送经核准或备案的资产评估报告。 
             （五）其他国有资本经营收入，在收益确定后30个工作日内，由相关企业申报，并附送有关经济事项发生和金额确认的资料。 
             对上述（二）至（五）项收入，出资人单位可根据相关材料，在取得收入并核定相关成本费用后的15个工作日内，向市财政局进行申报。 
             第十二条 企业上交国有资本收益，区别以下不同情况核定： 
             （一）利润收入，根据经注册会计师审计的企业年度合并财务报表反映的归属于母公司所有者的净利润和规定的上交比例计算核定。计算企业应交利润的年度净利润，可以依法抵扣以前年度未弥补亏损和按照规定提取的法定公积金等。对于因更正前期会计差错引起的以前年度净利润增加的部分，应根据上述计算口径予以补交。 
             （二）国有股股利、股息收入，根据国有控股、参股公司关于利润分配的决议全额核定。 
             （三）产权转让收入，根据产权转让协议和资产评估报告等资料，并按照产权、股权转让收入，扣除相关成本、费用后全额核定。 
             国家对转让境内外上市企业国有股权所得收益另有规定的，从其规定。 
             （四）清算收入，根据清算组或者管理人提交的清算报告，根据持有的企业国有股权比例应分得的企业清算净收益全额核定。 
             （五）其他国有资本经营收入，由市财政局会同出资人单位根据有关经济行为的财务会计资料据实核定。 
           第四章 收益上交与违规处理 
             第十三条 应交利润的上交，按照以下程序执行： 
             （一）企业在规定时间内，向出资人单位报送申报表及相关材料，原则上当年应交利润应当在申报日起4个月内交清。 
             （二）出资人单位在收到企业上报的国有资本收益申报表及相关材料后，在15个工作日内提出审核意见，报送市财政局复核。凡对企业统一实施企业财务报表决算审计的，出资人单位也可在企业财务报表决算审计完成后，根据相关材料提出审核意见，报送市财政局复核。 
             （三）市财政局在收到出资人单位的审核意见后，在15个工作日内提出复核意见。对复核后无异议的，由市财政局开具“上海市非税收入一般缴款书”。 
             （四）出资人单位根据市财政局的审核结果，向所监管或所属企业下达国有资本收益上交通知书和“上海市非税收入一般缴款书”。 
             （五）企业根据出资人单位下达的上交通知书和“上海市非税收入一般缴款书”，在国有资本收益上交通知书明确的时间内，通过开户银行办理国有资本收益缴库手续。 
             第十四条 除应交利润以外的其他国有资本经营收入的上交，按照以下程序执行： 
             （一）出资人单位根据相关材料，在取得收入并核定相关成本费用后的15个工作日内，向市财政局报送申报意见。 
             （二）市财政局在收到出资人单位的申报意见后，在15个工作日内提出复核意见。对复核后无异议的，由市财政局开具“上海市非税收入一般缴款书”。 
             （三）出资人单位根据市财政局的审核结果，在“上海市非税收入一般缴款书”明确的限缴时间内，通过开户银行办理国有资本收益缴库手续。 
             第十五条 对于滞留、欠缴国有资本收益的企业、单位，市财政局和出资人单位应当查明原因，采取措施予以催缴，并将因滞留、欠缴国有资本收益而产生的利息收入，一并上交国库。 
             第十六条 各项国有资本收益的减收、免收或者缓收，必须按照有关法律、法规以及本市有关规定办理。任何单位和个人不得擅自决定减收、免收或者缓收国有资本收益。按照本办法应当上交国有资本收益的企业、单位有隐瞒、挪用、拖欠、不交或少交以及违规审核国有资本收益的行为的，按照国家有关规定进行处理。 
           第五章 附则 
             第十七条 各区可根据本区实际情况，参照本办法，制定或者修订相应的国有资本收益收缴管理办法。 
             第十八条 本办法自2024年4月1日起施行，有效期至2029年3月31日为止。此前如有规定与本办法规定不一致的，以本办法为准。 
             上海市财政局 
             上海市国有资产监督管理委员会 
             2024年3月27日
          ",上海市,,上海市人民政府,ZZ36133324,上海市人民政府关于批转市财政局、市国资委修订的《上海市企业国有资本收益收缴管理办法》的通知,上海市人民政府,上海市,2024-04-12 00:33:12
